date,jpy_to_bdt,bdt_to_jpy,usd_to_jpy,usd_to_bdt
2024-03-02,0.730826,1.368314,150.120185,109.711797
2024-03-03,0.730081,1.369710,150.154564,109.625044
2024-03-04,0.730944,1.368093,150.081634,109.701314
2024-03-05,0.729759,1.370316,150.410935,109.763661
2024-03-06,0.731801,1.366492,149.974529,109.751511
2024-03-07,0.736794,1.357231,148.916830,109.721070
2024-03-08,0.740714,1.350048,147.842650,109.509153
2024-03-09,0.746138,1.340235,147.083505,109.744594
2024-03-10,0.745454,1.341464,147.062829,109.628606
2024-03-11,0.748887,1.335315,146.573228,109.766785
2024-03-12,0.747050,1.338598,146.918354,109.755408
2024-03-13,0.744428,1.343313,147.303604,109.656964
2024-03-14,0.743551,1.344898,147.584752,109.736753
2024-03-15,0.741392,1.348814,148.430534,110.045254
2024-03-16,0.736367,1.358018,149.035170,109.744609
2024-03-17,0.736039,1.358623,148.939069,109.625035
2024-03-18,0.734851,1.360820,149.300110,109.713347
2024-03-19,0.736229,1.358272,149.261571,109.890752
2024-03-20,0.725755,1.377875,151.211943,109.742836
2024-03-21,0.729562,1.370686,150.429079,109.747284
2024-03-22,0.724310,1.380624,151.512650,109.742165
2024-03-23,0.724959,1.379389,151.402941,109.760911
2024-03-24,0.726584,1.376303,151.426383,110.024053
2024-03-25,0.723991,1.381233,151.254573,109.506923
2024-03-26,0.725296,1.378747,151.305718,109.741444
2024-03-27,0.724430,1.380395,151.513164,109.760702
2024-03-28,0.724660,1.379958,151.466389,109.761632
2024-03-29,0.725081,1.379156,151.365879,109.752550
2024-03-30,0.725166,1.378995,151.342312,109.748234
2024-03-31,0.727285,1.374977,151.393774,110.106443
2024-04-01,0.724974,1.379360,151.321499,109.704172
2024-04-02,0.723554,1.382067,151.701230,109.764014
2024-04-03,0.723218,1.382709,151.631588,109.662666
2024-04-04,0.723015,1.383096,151.616493,109.621063
2024-04-05,0.727928,1.373761,150.929158,109.865632
2024-04-06,0.723358,1.382442,151.615623,109.672333
2024-04-07,0.723995,1.381224,151.617229,109.770181
2024-04-08,0.723482,1.382205,151.747716,109.786670
2024-04-09,0.721982,1.385076,151.885439,109.658594
2024-04-10,0.723608,1.381963,151.757408,109.812895
2024-04-11,0.718722,1.391359,152.787828,109.811931
2024-04-12,0.717225,1.394264,153.055785,109.775360
2024-04-13,0.716644,1.395393,153.114889,109.728870
2024-04-14,0.718239,1.392294,153.252099,110.071642
2024-04-15,0.714029,1.400503,153.684354,109.735105
2024-04-16,0.710764,1.406938,154.330252,109.692319
2024-04-17,0.709754,1.408939,154.682716,109.786659
2024-04-18,0.709668,1.409109,154.208394,109.436775
2024-04-19,0.713137,1.402256,154.433218,110.132000
2024-04-20,0.709941,1.408568,154.631586,109.779308
2024-04-21,0.711938,1.404617,154.657874,110.106788
2024-04-22,0.709992,1.408467,154.676799,109.819252
2024-04-23,0.708801,1.410833,154.775560,109.705080
2024-04-24,0.707070,1.414288,154.812941,109.463517
2024-04-25,0.705641,1.417152,155.413148,109.665864
2024-04-26,0.704939,1.418563,155.651020,109.724421
2024-04-27,0.693235,1.442512,158.314793,109.749392
2024-04-28,0.695719,1.437362,158.234065,110.086437
2024-04-29,0.693962,1.441002,158.373251,109.904947
2024-04-30,0.699968,1.428636,156.797753,109.753456
2024-05-01,0.697641,1.433402,157.797765,110.086161
2024-05-02,0.702019,1.424463,156.012149,109.523471
2024-05-03,0.716319,1.396025,153.123631,109.685436
2024-05-04,0.717358,1.394004,152.974873,109.737748
2024-05-05,0.719455,1.389941,153.041956,110.106804
2024-05-06,0.713457,1.401626,153.486295,109.505865
2024-05-07,0.711418,1.405643,154.219283,109.714390
2024-05-08,0.709553,1.409338,154.901080,109.910557
2024-05-09,0.705753,1.416926,155.586642,109.805779
2024-05-10,0.750728,1.332040,155.522057,116.754826
2024-05-11,0.751102,1.331377,155.769506,116.998817
2024-05-12,0.751835,1.330080,155.762487,117.107626
2024-05-13,0.751419,1.330815,155.780057,117.056166
2024-05-14,0.747764,1.337320,156.437931,116.978674
2024-05-15,0.747538,1.337725,156.365325,116.889032
2024-05-16,0.759080,1.317385,153.770976,116.724400
2024-05-17,0.751811,1.330121,155.815032,117.143492
2024-05-18,0.752426,1.329034,155.641150,117.108510
2024-05-19,0.755383,1.323832,155.651552,117.576492
2024-05-20,0.751012,1.331537,155.825305,117.026626
2024-05-21,0.748740,1.335578,156.458458,117.146641
2024-05-22,0.749774,1.333735,156.322103,117.206241
2024-05-23,0.747566,1.337675,156.796902,117.215981
2024-05-24,0.747939,1.337008,157.081812,117.487584
2024-05-25,0.746835,1.338984,157.003164,117.255447
2024-05-26,0.748417,1.336154,156.968172,117.477614
2024-05-27,0.748220,1.336505,156.721380,117.262083
2024-05-28,0.748166,1.336602,156.867888,117.363224
2024-05-29,0.747015,1.338660,157.288544,117.496970
2024-05-30,0.746658,1.339302,157.436142,117.550889
2024-05-31,0.748297,1.336368,156.778300,117.316745
2024-06-01,0.746099,1.340305,157.329514,117.383363
2024-06-02,0.746394,1.339775,157.322874,117.424809
2024-06-03,0.746897,1.338872,157.090264,117.330279
2024-06-04,0.749621,1.334007,156.369530,117.217935
2024-06-05,0.755916,1.322898,155.297308,117.391716
2024-06-06,0.754846,1.324773,155.482281,117.365210
2024-06-07,0.753354,1.327398,155.831403,117.396144
2024-06-08,0.749381,1.334435,156.715384,117.439516
2024-06-09,0.750157,1.333055,156.735818,117.576447
2024-06-10,0.756403,1.322047,156.868941,118.656133
2024-06-11,0.746750,1.339136,157.150213,117.351909
2024-06-12,0.747806,1.337245,157.157869,117.523574
2024-06-13,0.748125,1.336675,156.759847,117.276003
2024-06-14,0.748779,1.335508,157.286908,117.773091
2024-06-15,0.746536,1.339520,157.389537,117.496950
2024-06-16,0.746744,1.339148,157.384226,117.525672
2024-06-17,0.746293,1.339956,157.412440,117.475785
2024-06-18,0.744444,1.343285,157.645623,117.358302
2024-06-19,0.743885,1.344293,157.829524,117.407072
2024-06-20,0.743709,1.344612,158.057107,117.548466
2024-06-21,0.739435,1.352383,159.062226,117.616234
2024-06-22,0.735337,1.359921,159.771587,117.485946
2024-06-23,0.736079,1.358550,159.772697,117.605330
2024-06-24,0.734841,1.360838,159.730445,117.376514
2024-06-25,0.736991,1.356869,159.404079,117.479340
2024-06-26,0.735827,1.359016,159.782145,117.571967
2024-06-27,0.731930,1.366250,160.620730,117.563182
2024-06-28,0.730005,1.369853,161.023568,117.548024
2024-06-29,0.730321,1.369261,160.897117,117.506519
2024-06-30,0.730998,1.367993,160.883095,117.605245
2024-07-01,0.727976,1.373672,160.921911,117.147237
2024-07-02,0.728190,1.373268,161.556713,117.643982
2024-07-03,0.725979,1.377450,161.583977,117.306585
2024-07-04,0.725646,1.378082,161.422517,117.135599
2024-07-05,0.729075,1.371602,160.954100,117.347554
2024-07-06,0.729940,1.369977,160.743230,117.332833
2024-07-07,0.731914,1.366280,160.698662,117.617630
2024-07-08,0.731548,1.366964,160.654791,117.526734
2024-07-09,0.730260,1.369376,160.945487,117.532031
2024-07-10,0.728102,1.373435,161.526938,117.608033
2024-07-11,0.726336,1.376773,161.642795,117.407022
2024-07-12,0.736338,1.358073,159.280196,117.283993
2024-07-13,0.744606,1.342992,157.967761,117.623714
2024-07-14,0.743656,1.344708,157.850706,117.386576
2024-07-15,0.743965,1.344150,158.102849,117.622936
2024-07-16,0.742617,1.346590,158.515064,117.715913
2024-07-17,0.741705,1.348245,158.518610,117.574042
2024-07-18,0.753106,1.327835,155.936835,117.436903
2024-07-19,0.748583,1.335857,157.372838,117.806672
2024-07-20,0.745952,1.340568,157.501824,117.488851
2024-07-21,0.748434,1.336123,157.523257,117.895765
2024-07-22,0.746193,1.340136,157.446540,117.485518
2024-07-23,0.749666,1.333927,156.728018,117.493687
2024-07-24,0.756439,1.321984,155.437899,117.579217
2024-07-25,0.768040,1.302015,153.036647,117.538296
2024-07-26,0.763343,1.310027,153.918260,117.492437
2024-07-27,0.763826,1.309199,153.788288,117.467446
2024-07-28,0.767145,1.303535,153.697939,117.908605
2024-07-29,0.764546,1.307965,153.628166,117.455873
2024-07-30,0.763256,1.310176,154.210906,117.702444
2024-07-31,0.772254,1.294911,152.274428,117.594510
2024-08-01,0.790507,1.265011,148.669900,117.524570
2024-08-02,0.784768,1.274262,149.683327,117.466688
2024-08-03,0.801218,1.248099,146.608486,117.465413
2024-08-04,0.804531,1.242961,146.575747,117.924674
2024-08-05,0.806193,1.240398,145.139938,117.010827
2024-08-06,0.808754,1.236470,145.248435,117.470264
2024-08-07,0.810923,1.233162,144.865835,117.475091
2024-08-08,0.803638,1.244341,146.241875,117.525563
2024-08-09,0.798690,1.252051,147.325892,117.667644
2024-08-10,0.801659,1.247413,146.607965,117.529572
2024-08-11,0.804399,1.243164,146.663680,117.976147
2024-08-12,0.800706,1.248898,146.795731,117.540188
2024-08-13,0.797805,1.253439,147.455998,117.641173
2024-08-14,0.797373,1.254118,146.994903,117.209822
2024-08-15,0.797795,1.253456,147.363910,117.566121
2024-08-16,0.789149,1.267187,149.116406,117.675122
2024-08-17,0.795897,1.256444,147.648273,117.512858
2024-08-18,0.799131,1.251360,147.631436,117.976813
2024-08-19,0.793978,1.259480,147.744045,117.305562
2024-08-20,0.814175,1.228238,146.226485,119.053882
2024-08-21,0.819477,1.220291,145.293022,119.064250
2024-08-22,0.819190,1.220719,145.413417,119.121163
2024-08-23,0.820807,1.218313,145.758588,119.639664
2024-08-24,0.828370,1.207190,144.324243,119.553896
2024-08-25,0.830362,1.204294,144.400253,119.904438
2024-08-26,0.829343,1.205774,143.654960,119.139247
2024-08-27,0.825640,1.211182,144.820782,119.569782
2024-08-28,0.828792,1.206576,144.171490,119.488111
2024-08-29,0.826075,1.210544,144.550597,119.409570
2024-08-30,0.825944,1.210737,144.854874,119.641949
2024-08-31,0.817628,1.223050,146.170391,119.512998
2024-09-01,0.820537,1.218713,146.195733,119.959071
2024-09-02,0.818695,1.221456,146.132636,119.638116
2024-09-03,0.813334,1.229507,147.006768,119.565661
2024-09-04,0.821286,1.217602,145.457603,119.462364
2024-09-05,0.830491,1.204107,143.774200,119.403171
2024-09-06,0.834151,1.198824,143.277482,119.515030
2024-09-07,0.839027,1.191856,142.437973,119.509349
2024-09-08,0.843165,1.186008,142.326793,120.004913
2024-09-09,0.839066,1.191802,142.700155,119.734822
2024-09-10,0.833112,1.200319,143.490875,119.543923
2024-09-11,0.843634,1.185349,141.777480,119.608234
2024-09-12,0.839392,1.191338,142.636947,119.728364
2024-09-13,0.845661,1.182507,141.118845,119.338700
2024-09-14,0.848628,1.178372,140.837072,119.518333
2024-09-15,0.845709,1.182440,140.821797,119.094257
2024-09-16,0.850691,1.175516,140.513726,119.533699
2024-09-17,0.850642,1.175582,140.483730,119.501393
2024-09-18,0.843633,1.185349,141.692685,119.536685
2024-09-19,0.832444,1.201282,143.860955,119.756207
2024-09-20,0.840765,1.189393,142.187680,119.546409
2024-09-21,0.831080,1.203253,143.823014,119.528452
2024-09-22,0.829940,1.204907,143.867405,119.401296
2024-09-23,0.827980,1.207758,144.377415,119.541661
2024-09-24,0.831858,1.202128,143.764915,119.591979
2024-09-25,0.832078,1.201810,143.367780,119.293204
2024-09-26,0.826579,1.209805,144.890485,119.763484
2024-09-27,0.820885,1.218197,145.470233,119.414334
2024-09-28,0.840487,1.189786,142.166007,119.488720
2024-09-29,0.839933,1.190571,142.176710,119.418905
2024-09-30,0.837641,1.193828,142.573268,119.425262
2024-10-01,0.830467,1.204142,143.831429,119.447251
2024-10-02,0.832564,1.201109,143.806861,119.728405
2024-10-03,0.815398,1.226395,146.916773,119.795604
2024-10-04,0.815854,1.225710,146.592323,119.597867
2024-10-05,0.802876,1.245522,148.796290,119.464987
2024-10-06,0.803237,1.244962,148.725322,119.461706
2024-10-07,0.806765,1.239518,148.509087,119.811942
2024-10-08,0.809567,1.235229,147.888136,119.725293
2024-10-09,0.807301,1.238696,148.274271,119.701933
2024-10-10,0.802492,1.246118,149.176698,119.713102
2024-10-11,0.805026,1.242195,148.579235,119.610189
2024-10-12,0.801601,1.247503,149.142242,119.552643
2024-10-13,0.801156,1.248196,149.163567,119.503292
2024-10-14,0.801340,1.247910,149.168474,119.534599
2024-10-15,0.799515,1.250758,149.523126,119.545966
2024-10-16,0.802108,1.246715,149.025816,119.534808
2024-10-17,0.800852,1.248670,149.342277,119.601114
2024-10-18,0.798037,1.253075,149.951370,119.666682
2024-10-19,0.799506,1.250772,149.542206,119.559950
2024-10-20,0.802472,1.246150,149.527894,119.991900
2024-10-21,0.800191,1.249702,149.147331,119.346346
2024-10-22,0.794372,1.258856,150.683899,119.699110
2024-10-23,0.788411,1.268374,151.744645,119.637108
2024-10-24,0.781906,1.278927,152.724433,119.416113
2024-10-25,0.786038,1.272203,151.903627,119.402017
2024-10-26,0.786774,1.271014,152.268731,119.801015
2024-10-27,0.788035,1.268978,152.283657,120.004917
2024-10-28,0.777960,1.285413,153.800613,119.650750
2024-10-29,0.780944,1.280501,152.951742,119.446787
2024-10-30,0.779585,1.282734,153.160003,119.401261
2024-10-31,0.778562,1.284419,153.482631,119.495807
2024-11-01,0.784508,1.274684,152.239753,119.433354
2024-11-02,0.781016,1.280384,153.019936,119.510986
2024-11-03,0.784233,1.275132,153.006025,119.992324
2024-11-04,0.786934,1.270754,151.913731,119.546140
2024-11-05,0.784209,1.275171,152.289273,119.426572
2024-11-06,0.780818,1.280708,152.952173,119.427799
2024-11-07,0.772520,1.294464,154.594980,119.427762
2024-11-08,0.779568,1.282761,153.256885,119.474228
2024-11-09,0.783560,1.276227,152.637440,119.600558
2024-11-10,0.786007,1.272253,152.676627,120.004898
2024-11-11,0.782744,1.277557,153.139473,119.868953
2024-11-12,0.778234,1.284961,153.949903,119.808995
2024-11-13,0.773192,1.293340,154.737508,119.641760
2024-11-14,0.767539,1.302866,155.873020,119.638606
2024-11-15,0.763890,1.309089,156.607665,119.631051
2024-11-16,0.774440,1.291255,154.368421,119.549153
2024-11-17,0.777470,1.286224,154.336422,119.991885
2024-11-18,0.773215,1.293301,154.662592,119.587459
2024-11-19,0.775472,1.289537,154.174941,119.558334
2024-11-20,0.772086,1.295192,154.821695,119.535714
2024-11-21,0.770924,1.297144,155.010275,119.501179
2024-11-22,0.773743,1.292419,154.408462,119.472488
2024-11-23,0.772637,1.294269,154.729061,119.549357
2024-11-24,0.775852,1.288905,154.674910,120.004894
2024-11-25,0.778454,1.284597,153.747224,119.685213
2024-11-26,0.775616,1.289298,154.077586,119.505038
2024-11-27,0.782671,1.277676,152.648315,119.473384
2024-11-28,0.788896,1.267595,151.456489,119.483391
2024-11-29,0.797539,1.253858,149.946570,119.588165
2024-11-30,0.798234,1.252766,149.776212,119.556447
2024-12-01,0.801158,1.248193,149.774239,119.992892
2024-12-02,0.793590,1.260096,150.472655,119.413631
2024-12-03,0.796354,1.255722,149.956170,119.418270
2024-12-04,0.797461,1.253980,149.878423,119.522182
2024-12-05,0.794253,1.259044,150.514038,119.546248
2024-12-06,0.796294,1.255818,150.158204,119.570008
2024-12-07,0.797617,1.253734,149.899467,119.562386
2024-12-08,0.796641,1.255271,150.008568,119.502913
2024-12-09,0.797247,1.254317,149.965446,119.559429
2024-12-10,0.790727,1.264659,151.360251,119.684609
2024-12-11,0.788328,1.268507,151.771007,119.645367
2024-12-12,0.786387,1.271638,152.073662,119.588811
2024-12-13,0.783175,1.276853,152.728860,119.613486
2024-12-14,0.777618,1.285979,153.663886,119.491732
2024-12-15,0.780394,1.281403,153.759713,119.993226
2024-12-16,0.775866,1.288883,153.835722,119.355852
2024-12-17,0.774693,1.290834,154.131659,119.404735
2024-12-18,0.776266,1.288218,153.887536,119.457705
2024-12-19,0.772023,1.295298,154.698157,119.430544
2024-12-20,0.759495,1.316665,157.261966,119.439661
2024-12-21,0.764603,1.307868,156.264243,119.480097
2024-12-22,0.766962,1.303845,156.467770,120.004876
2024-12-23,0.763204,1.310266,156.533790,119.467162
2024-12-24,0.760187,1.315465,157.190405,119.494160
2024-12-25,0.760509,1.314909,157.077533,119.458856
2024-12-26,0.757776,1.319652,157.449813,119.311655
2024-12-27,0.756262,1.322293,157.771591,119.316662
2024-12-28,0.756941,1.321106,157.899388,119.520589
2024-12-29,0.760273,1.315317,157.828832,119.992959
2024-12-30,0.757166,1.320715,157.777869,119.463964
2024-12-31,0.764562,1.307939,156.447470,119.613771
2025-01-01,0.759796,1.316142,157.294321,119.511620
2025-01-02,0.758701,1.318042,157.577410,119.554124
2025-01-03,0.765754,1.305902,157.368054,120.505294
2025-01-04,0.772858,1.293899,157.201359,121.494323
2025-01-05,0.762963,1.310680,157.272411,119.992953
2025-01-06,0.769260,1.299950,157.643945,121.269200
2025-01-07,0.766123,1.305273,158.355318,121.319670
2025-01-08,0.768334,1.301518,158.011361,121.405467
2025-01-09,0.766944,1.303877,158.080124,121.238552
2025-01-10,0.770324,1.298155,158.149416,121.826319
2025-01-11,0.773523,1.292787,157.699921,121.984459
2025-01-12,0.770174,1.298407,157.683611,121.443880
2025-01-13,0.771414,1.296320,157.346729,121.379505
2025-01-14,0.771117,1.296820,157.757914,121.649808
2025-01-15,0.771743,1.295768,157.909136,121.865299
2025-01-16,0.781821,1.279066,155.719734,121.744904
2025-01-17,0.783275,1.276691,155.299992,121.642555
2025-01-18,0.777336,1.286445,156.316676,121.510587
2025-01-19,0.778577,1.284394,156.291083,121.684680
2025-01-20,0.778424,1.284647,156.089982,121.504160
2025-01-21,0.782148,1.278530,155.632008,121.727303
2025-01-22,0.781353,1.279832,155.672195,121.634913
2025-01-23,0.778349,1.284771,156.410636,121.742029
2025-01-24,0.779707,1.282533,156.299932,121.868163
2025-01-25,0.782226,1.278402,155.927265,121.970423
2025-01-26,0.782078,1.278645,155.988853,121.995434
2025-01-27,0.783340,1.276585,155.564154,121.859645
2025-01-28,0.784611,1.274517,155.395622,121.925135
2025-01-29,0.781650,1.279344,155.670771,121.680129
2025-01-30,0.786879,1.270843,154.650982,121.691681
2025-01-31,0.791309,1.263729,153.984078,121.848980
2025-02-01,0.785550,1.272994,155.201951,121.918850
2025-02-02,0.784608,1.274522,155.165906,121.744390
2025-02-03,0.783659,1.276065,155.695323,122.012017
2025-02-04,0.785475,1.273114,155.335690,122.012359
2025-02-05,0.794248,1.259053,153.642851,122.030460
2025-02-06,0.801971,1.246928,151.886148,121.808312
2025-02-07,0.804273,1.243358,151.629241,121.951363
2025-02-08,0.805630,1.241264,151.415455,121.984858
2025-02-09,0.804368,1.243212,151.412997,121.791820
2025-02-10,0.803314,1.244843,152.045489,122.140256
2025-02-11,0.802036,1.246826,151.974346,121.888929
2025-02-12,0.794531,1.258604,153.377624,121.863315
2025-02-13,0.790363,1.265241,154.354180,121.995834
2025-02-14,0.799859,1.250220,152.492861,121.972852
2025-02-15,0.796690,1.255193,152.304369,121.339371
2025-02-16,0.797824,1.253409,152.315868,121.521288
2025-02-17,0.799286,1.251117,151.776937,121.313108
2025-02-18,0.800191,1.249702,151.757170,121.434649
2025-02-19,0.799934,1.250104,151.866880,121.483429
2025-02-20,0.806127,1.240499,150.665166,121.455321
2025-02-21,0.807808,1.237918,150.378214,121.476679
2025-02-22,0.814008,1.228490,149.291074,121.524081
2025-02-23,0.815166,1.226744,149.275820,121.684573
2025-02-24,0.815154,1.226762,149.098598,121.538305
2025-02-25,0.809244,1.235721,150.122161,121.485517
2025-02-26,0.814140,1.228290,149.115549,121.400951
2025-02-27,0.814621,1.227565,149.159072,121.508074
2025-02-28,0.812854,1.230234,149.451158,121.481926
2025-03-01,0.806239,1.240327,150.647466,121.457835
2025-03-02,0.809299,1.235638,150.616043,121.893378
2025-03-03,0.808220,1.237288,150.395279,121.552404
2025-03-04,0.815991,1.225504,148.823318,121.438499
2025-03-05,0.808938,1.236188,150.166610,121.475519
2025-03-06,0.814911,1.227129,148.989440,121.413062
2025-03-07,0.820878,1.218207,148.014037,121.501524
2025-03-08,0.821700,1.216989,147.955350,121.574880
2025-03-09,0.821672,1.217031,148.044987,121.644399
2025-03-10,0.825795,1.210954,147.228589,121.580647
2025-03-11,0.828030,1.207685,146.835161,121.583945
2025-03-12,0.820924,1.218140,148.027685,121.519407
2025-03-13,0.819494,1.220265,148.314441,121.542804
2025-03-14,0.819734,1.219908,148.228527,121.507976
2025-03-15,0.817471,1.223285,148.599633,121.475883
2025-03-16,0.817460,1.223301,148.633040,121.501632
2025-03-17,0.816245,1.225122,148.657874,121.341261
2025-03-18,0.813119,1.229833,149.486470,121.550268
2025-03-19,0.812463,1.230825,149.547203,121.501586
2025-03-20,0.819308,1.220542,148.294941,121.499246
2025-03-21,0.814878,1.227178,149.120206,121.514751
2025-03-22,0.813745,1.228887,149.297635,121.490147
2025-03-23,0.811572,1.232176,149.344975,121.204269
2025-03-24,0.810117,1.234389,149.922978,121.455225
2025-03-25,0.807284,1.238721,150.637777,121.607470
2025-03-26,0.809662,1.235084,150.136265,121.559606
2025-03-27,0.809651,1.235100,150.188040,121.599866
2025-03-28,0.806188,1.240406,150.767348,121.546758
2025-03-29,0.808452,1.236933,149.989649,121.259364
2025-03-30,0.812234,1.231172,149.851109,121.714167
2025-03-31,0.805639,1.241251,149.258011,120.248019
2025-04-01,0.808120,1.237439,149.831353,121.081774
2025-04-02,0.807729,1.238040,149.850991,121.038926
2025-04-03,0.820119,1.219335,147.625902,121.070851
2025-04-04,0.830969,1.203414,146.083508,121.390879
2025-04-05,0.826282,1.210241,146.768458,121.272131
2025-04-06,0.828181,1.207465,146.960363,121.709837
2025-04-07,0.832762,1.200824,146.180329,121.733388
2025-04-08,0.824778,1.212448,147.572243,121.714334
2025-04-09,0.835971,1.196213,145.447056,121.589588
2025-04-10,0.828453,1.207070,146.962261,121.751282
2025-04-11,0.836592,1.195325,143.659941,120.184793
2025-04-12,0.846629,1.181155,143.541758,121.526600
2025-04-13,0.846362,1.181528,143.547290,121.492934
2025-04-14,0.850950,1.175157,142.631814,121.372563
2025-04-15,0.846609,1.181183,143.413612,121.415278
2025-04-16,0.850291,1.176068,142.794379,121.416742
2025-04-17,0.851256,1.174734,142.727225,121.497461
2025-04-18,0.852855,1.172532,142.376329,121.426344
2025-04-19,0.854264,1.170598,142.173275,121.453548
2025-04-20,0.856769,1.167176,142.178233,121.813928
2025-04-21,0.861795,1.160369,141.030622,121.539462
2025-04-22,0.861920,1.160200,140.881001,121.428214
2025-04-23,0.858851,1.164346,141.698550,121.698009
2025-04-24,0.851786,1.174004,142.760527,121.601423
2025-04-25,0.850668,1.175547,142.973046,121.622609
2025-04-26,0.845909,1.182160,143.715331,121.570089
2025-04-27,0.848580,1.178440,143.658661,121.905799
2025-04-28,0.845261,1.183067,143.656079,121.426831
2025-04-29,0.851471,1.174439,142.418057,121.264779
2025-04-30,0.853040,1.172278,142.356501,121.435779
2025-05-01,0.849061,1.177772,143.189869,121.576898
2025-05-02,0.836216,1.195863,145.482236,121.654596
2025-05-03,0.838457,1.192668,144.916324,121.506045
2025-05-04,0.838813,1.192160,144.924563,121.564655
2025-05-05,0.843741,1.185197,144.243398,121.704136
2025-05-06,0.844723,1.183820,143.992487,121.633738
2025-05-07,0.850826,1.175328,142.947319,121.623295
2025-05-08,0.846952,1.180705,143.539080,121.570675
2025-05-09,0.833825,1.199293,145.789701,121.563052
2025-05-10,0.835662,1.196656,145.367499,121.478087
2025-05-11,0.837130,1.194558,145.431087,121.744692
2025-05-12,0.831690,1.202371,146.118587,121.525346
2025-05-13,0.820569,1.218667,147.842853,121.315199
2025-05-14,0.825251,1.211752,147.159003,121.443153
2025-05-15,0.830861,1.203571,146.256223,121.518559
2025-05-16,0.836613,1.195295,145.230492,121.501761
2025-05-17,0.834892,1.197759,145.639437,121.593229
2025-05-18,0.837820,1.193574,145.642236,122.021956
2025-05-19,0.836917,1.194861,145.158111,121.485327
2025-05-20,0.839991,1.190489,144.912875,121.725458
2025-05-21,0.841549,1.188285,144.258638,121.400742
2025-05-22,0.850229,1.176154,143.296042,121.834403
2025-05-23,0.847745,1.179600,143.617313,121.750834
2025-05-24,0.854135,1.170775,142.613939,121.811598
2025-05-25,0.857837,1.165723,142.564886,122.297365
2025-05-26,0.852903,1.172467,142.366088,121.424434
2025-05-27,0.856272,1.167853,142.325701,121.869546
2025-05-28,0.846583,1.181219,144.312434,122.172466
2025-05-29,0.837576,1.193922,145.794090,122.113590
2025-05-30,0.849751,1.176815,143.804727,122.198249
2025-05-31,0.848321,1.178800,143.999700,122.157914
2025-06-01,0.851807,1.173974,144.040591,122.694834
2025-06-02,0.849559,1.177081,143.489237,121.902640
2025-06-03,0.852169,1.173476,143.204262,122.034206
2025-06-04,0.850561,1.175695,143.747170,122.265714
2025-06-05,0.854648,1.170073,142.919989,122.146257
2025-06-06,0.850594,1.175649,143.708839,122.237896
2025-06-07,0.843541,1.185478,144.881769,122.213774
2025-06-08,0.845905,1.182166,144.905202,122.576022
2025-06-09,0.847300,1.180220,144.459720,122.400669
2025-06-10,0.841896,1.187795,145.191453,122.236112
2025-06-11,0.842488,1.186960,145.026811,122.183392
2025-06-12,0.847894,1.179393,143.948999,122.053440
2025-06-13,0.854949,1.169661,143.171993,122.404727
2025-06-14,0.848320,1.178801,144.103218,122.245626
2025-06-15,0.851287,1.174693,144.103037,122.672971
2025-06-16,0.844047,1.184768,144.385205,121.867916
2025-06-17,0.843725,1.185220,144.887954,122.245582
2025-06-18,0.842316,1.187203,145.175550,122.283702
2025-06-19,0.842221,1.187336,145.158103,122.255259
2025-06-20,0.841310,1.188622,145.346527,122.281489
2025-06-21,0.838307,1.192880,145.944184,122.346043
2025-06-22,0.839326,1.191432,146.049265,122.582932
2025-06-23,0.835367,1.197078,146.535385,122.410853
2025-06-24,0.838018,1.193291,145.676305,122.079431
2025-06-25,0.845255,1.183074,144.639304,122.257141
2025-06-26,0.843550,1.185467,144.697880,122.059838
2025-06-27,0.848484,1.178572,144.314410,122.448493
2025-06-28,0.845322,1.182981,144.648793,122.274847
2025-06-29,0.847600,1.179802,144.651581,122.606643
2025-06-30,0.847672,1.179702,144.205197,122.238664
2025-07-01,0.853469,1.171689,143.684467,122.630233
2025-07-02,0.854005,1.170954,143.669978,122.694843
2025-07-03,0.850972,1.175126,143.577308,122.180330
2025-07-04,0.847952,1.179312,144.770732,122.758663
2025-07-05,0.848940,1.177940,144.464810,122.641955
2025-07-06,0.847604,1.179796,144.479370,122.461328
2025-07-07,0.848647,1.178346,144.516741,122.643736
2025-07-08,0.836368,1.195647,146.193819,122.271771
2025-07-09,0.831508,1.202634,146.846695,122.104187
2025-07-10,0.834894,1.197756,145.949460,121.852392
2025-07-11,0.829013,1.206253,146.899695,121.781829
2025-07-12,0.825332,1.211633,147.206422,121.494231
2025-07-13,0.828934,1.206369,146.592349,121.515339
2025-07-14,0.826136,1.210455,147.164629,121.577960
2025-07-15,0.819865,1.219713,147.745270,121.131138
2025-07-16,0.817621,1.223060,148.900390,121.744114
2025-07-17,0.816134,1.225289,148.402211,121.116047
2025-07-18,0.815716,1.225918,148.556900,121.180168
2025-07-19,0.815599,1.226093,148.820447,121.377737
2025-07-20,0.817415,1.223368,148.804861,121.635368
2025-07-21,0.819097,1.220856,148.479358,121.619060
2025-07-22,0.822657,1.215574,147.531692,121.367970
2025-07-23,0.829051,1.206198,146.503756,121.459087
2025-07-24,0.832333,1.201442,146.057895,121.568834
2025-07-25,0.828465,1.207052,147.429697,122.140289
2025-07-26,0.827324,1.208717,147.644272,122.149580
2025-07-27,0.828313,1.207273,147.643019,122.294650
2025-07-28,0.825585,1.211262,147.919055,122.119821
2025-07-29,0.825207,1.211817,148.410700,122.469559
2025-07-30,0.830392,1.204250,148.042969,122.933727
2025-07-31,0.823902,1.213736,148.891947,122.672400
2025-08-01,0.810989,1.233062,150.822451,122.315376
2025-08-02,0.826707,1.209618,147.848230,122.227221
2025-08-03,0.829334,1.205787,147.464766,122.297509
2025-08-04,0.822003,1.216540,147.690783,121.402326
2025-08-05,0.826644,1.209710,147.127994,121.622497
2025-08-06,0.821312,1.217565,147.698157,121.306197
2025-08-07,0.822841,1.215302,147.485190,121.356838
2025-08-08,0.825439,1.211476,147.255279,121.550294
2025-08-09,0.822682,1.215537,147.623959,121.447535
2025-08-10,0.822384,1.215977,147.682791,121.451964
2025-08-11,0.822307,1.216091,147.603973,121.375765
2025-08-12,0.820466,1.218820,148.307583,121.681292
2025-08-13,0.821542,1.217224,148.067927,121.643951
2025-08-14,0.829475,1.205582,146.532951,121.545372
2025-08-15,0.825245,1.211762,147.292529,121.552370
2025-08-16,0.826363,1.210123,147.003627,121.478300
2025-08-17,0.824417,1.212978,147.108601,121.278861
2025-08-18,0.823724,1.213998,147.376252,121.397405
2025-08-19,0.822324,1.216065,147.711938,121.467132
2025-08-20,0.823819,1.213858,147.491294,121.506189
2025-08-21,0.823879,1.213771,147.385343,121.427626
2025-08-22,0.819776,1.219845,148.566814,121.791506
2025-08-23,0.827189,1.208914,146.974991,121.576039
2025-08-24,0.827653,1.208236,146.964350,121.635491
2025-08-25,0.822099,1.216399,147.400623,121.177844
2025-08-26,0.828194,1.207447,147.310077,122.001279
2025-08-27,0.826099,1.210509,147.631716,121.958408
2025-08-28,0.826026,1.210616,147.362338,121.725092
2025-08-29,0.827239,1.208841,147.040515,121.637645
2025-08-30,0.827100,1.209044,147.023117,121.602783
2025-08-31,0.827186,1.208918,147.031707,121.622529
2025-09-01,0.824768,1.212462,147.196436,121.402916
2025-09-02,0.824666,1.212613,147.523437,121.657513
2025-09-03,0.817556,1.223157,148.807743,121.658703
2025-09-04,0.821946,1.216625,147.973570,121.626245
2025-09-05,0.821142,1.217816,148.210286,121.701731
2025-09-06,0.826707,1.209618,147.400742,121.857251
2025-09-07,0.826605,1.209768,147.389291,121.832712
2025-09-08,0.819880,1.219691,148.208960,121.513499
2025-09-09,0.826088,1.210524,147.295063,121.678756
2025-09-10,0.827726,1.208129,147.401827,122.008377
2025-09-11,0.826228,1.210320,147.382758,121.771778
2025-09-12,0.824383,1.213028,147.377972,121.495910
2025-09-13,0.824901,1.212266,147.666020,121.809890
2025-09-14,0.824417,1.212978,147.695187,121.762484
2025-09-15,0.824987,1.212140,147.578336,121.750247
2025-09-16,0.826249,1.210289,147.294227,121.701680
2025-09-17,0.827906,1.207867,146.567760,121.344335
2025-09-18,0.827642,1.208252,147.101544,121.747412
2025-09-19,0.821869,1.216740,148.078283,121.700889
2025-09-20,0.823369,1.214522,147.965955,121.830606
2025-09-21,0.823544,1.214264,147.923617,121.821584
2025-09-22,0.821825,1.216804,148.179239,121.777454
2025-09-23,0.824584,1.212733,147.617151,121.722739
2025-09-24,0.823744,1.213970,147.768140,121.723067
2025-09-25,0.817922,1.222610,148.823954,121.726457
2025-09-26,0.813927,1.228612,149.818605,121.941364
2025-09-27,0.816452,1.224812,149.504692,122.063388
2025-09-28,0.815629,1.226048,149.548474,121.976052
2025-09-29,0.814023,1.228466,149.089776,121.362573
2025-09-30,0.818649,1.221525,148.672025,121.710193
2025-10-01,0.822993,1.215077,147.964605,121.773897
2025-10-02,0.827467,1.208507,147.039324,121.670192
2025-10-03,0.824609,1.212697,147.608844,121.719513
2025-10-04,0.825482,1.211414,147.446943,121.714792
2025-10-05,0.826335,1.210162,147.503951,121.887727
2025-10-06,0.813469,1.229302,149.805332,121.862066
2025-10-07,0.807638,1.238178,150.467136,121.522977
2025-10-08,0.799141,1.251344,152.422436,121.806984
2025-10-09,0.798414,1.252484,152.496384,121.755192
2025-10-10,0.798327,1.252619,152.955380,122.108457
2025-10-11,0.807646,1.238166,151.204674,122.119828
2025-10-12,0.806647,1.239699,151.167526,121.938877
2025-10-13,0.799131,1.251360,151.961587,121.437165
2025-10-14,0.799209,1.251237,152.451265,121.840487
2025-10-15,0.802575,1.245990,151.344093,121.464959
2025-10-16,0.808444,1.236944,150.547500,121.709220
2025-10-17,0.808545,1.236789,150.275329,121.504404
2025-10-18,0.809800,1.234873,150.607744,121.962095
2025-10-19,0.810161,1.234322,150.674511,122.070619
2025-10-20,0.808239,1.237258,150.962442,122.013688
2025-10-21,0.807853,1.237848,150.950840,121.946149
2025-10-22,0.804410,1.243147,151.746311,122.066250
2025-10-23,0.801702,1.247346,152.354544,122.142977
2025-10-24,0.800140,1.249781,152.842196,122.295226
2025-10-25,0.800740,1.248845,152.869344,122.408586
2025-10-26,0.800566,1.249117,152.802218,122.328217
2025-10-27,0.800117,1.249817,152.890350,122.330177
2025-10-28,0.802719,1.245765,152.425599,122.354994
2025-10-29,0.805614,1.241289,151.871156,122.349508
2025-10-30,0.801639,1.247445,152.533673,122.276916
2025-10-31,0.794763,1.258236,153.791478,122.227852
2025-11-01,0.794694,1.258345,153.991498,122.376178
2025-11-02,0.794016,1.259420,154.032833,122.304605
2025-11-03,0.792165,1.262363,154.125240,122.092647
2025-11-04,0.790883,1.264409,154.342407,122.066850
2025-11-05,0.796460,1.255555,153.127009,121.959596
2025-11-06,0.792516,1.261804,153.876361,121.949531
2025-11-07,0.796556,1.255405,153.158629,121.999400
2025-11-08,0.797032,1.254654,153.437844,122.294927
2025-11-09,0.795953,1.256356,153.426250,122.120047
2025-11-10,0.792926,1.261152,153.829615,121.975446
2025-11-11,0.791196,1.263909,154.355638,122.125589
2025-11-12,0.791280,1.263775,154.314466,122.106010
2025-11-13,0.789152,1.267184,154.748006,122.119623
2025-11-14,0.790488,1.265041,154.498886,122.129563
2025-11-15,0.790543,1.264953,154.536877,122.168063
2025-11-16,0.791416,1.263559,154.506896,122.279158
2025-11-17,0.790375,1.265222,154.593726,122.186997
2025-11-18,0.787978,1.269072,155.204292,122.297497
2025-11-19,0.786362,1.271679,155.495684,122.275923
2025-11-20,0.777057,1.286907,157.389780,122.300844
2025-11-21,0.778567,1.284410,157.440796,122.578267
2025-11-22,0.782193,1.278457,156.398228,122.333586
2025-11-23,0.782203,1.278440,156.382758,122.323134
2025-11-24,0.781407,1.279743,156.729741,122.469673
2025-11-25,0.781357,1.279825,156.687806,122.429040
2025-11-26,0.783170,1.276861,155.897626,122.094416
2025-11-27,0.784407,1.274849,156.062064,122.416108
2025-11-28,0.781318,1.279889,156.395576,122.194677
2025-11-29,0.783731,1.275948,156.183980,122.406244
2025-11-30,0.783632,1.276109,156.169731,122.379644
2025-12-01,0.783003,1.277134,155.577253,121.817493
2025-12-02,0.784375,1.274900,155.639325,122.079638
2025-12-03,0.785160,1.273625,155.658855,122.217163
2025-12-04,0.787467,1.269894,155.272959,122.272380
2025-12-05,0.788909,1.267573,155.030437,122.304893
2025-12-06,0.787540,1.269777,155.311880,122.314301
2025-12-07,0.787358,1.270070,155.346896,122.313688
2025-12-08,0.789312,1.266926,154.922727,122.282422
2025-12-09,0.784590,1.274551,155.809412,122.246470
2025-12-10,0.784590,1.274551,155.809412,122.246470
2025-12-11,0.780076,1.281926,156.003513,121.694640
2025-12-12,0.783912,1.275654,155.680450,122.039740
2025-12-13,0.784360,1.274925,155.822880,122.221238
2025-12-14,0.784844,1.274138,155.783861,122.266088
2025-12-15,0.784689,1.274390,155.614587,122.109102
2025-12-16,0.788839,1.267685,154.898448,122.189966
2025-12-17,0.790512,1.265003,154.678310,122.275010
2025-12-18,0.784163,1.275246,155.779891,122.156784
2025-12-19,0.785114,1.273701,155.722625,122.259979
2025-12-20,0.775150,1.290072,157.763771,122.290626
2025-12-21,0.774832,1.290602,157.753401,122.232435
2025-12-22,0.777234,1.286614,157.304881,122.262664
2025-12-23,0.779905,1.282208,156.380446,121.961864
2025-12-24,0.784827,1.274167,155.603528,122.121786
2025-12-25,0.784039,1.275447,155.827090,122.174498
2025-12-26,0.781786,1.279122,156.278751,122.176577
2025-12-27,0.780499,1.281231,156.574372,122.206194
2025-12-28,0.781751,1.279180,156.563276,122.393462
2025-12-29,0.780816,1.280712,156.506250,122.202559
2025-12-30,0.782748,1.277550,156.177675,122.247751
2025-12-31,0.782474,1.277998,156.449888,122.417917
2026-01-01,0.780680,1.280934,156.700863,122.333307
2026-01-02,0.781118,1.280217,156.606688,122.328271
2026-01-03,0.779382,1.283068,156.888601,122.276103
2026-01-04,0.779817,1.282352,156.779170,122.259038
2026-01-05,0.779385,1.283064,157.121550,122.458112
2026-01-06,0.779963,1.282112,156.490770,122.056987
2026-01-07,0.780396,1.281400,156.688185,122.278869
2026-01-08,0.779394,1.283049,156.902378,122.288728
2026-01-09,0.778456,1.284595,157.199896,122.373153
2026-01-10,0.773935,1.292098,157.900444,122.204671
2026-01-11,0.774314,1.291466,157.893848,122.259372
2026-01-12,0.774102,1.291819,157.787304,122.143471
2026-01-13,0.771795,1.295681,158.481094,122.314905
2026-01-14,0.767799,1.302424,159.345284,122.345176
2026-01-15,0.772149,1.295087,158.353863,122.272793
2026-01-16,0.772175,1.295043,158.530273,122.413107
2026-01-17,0.773488,1.292845,158.190537,122.358424
2026-01-18,0.772942,1.293759,158.195828,122.276131
2026-01-19,0.774953,1.290402,157.801516,122.288686
2026-01-20,0.773272,1.293206,158.040947,122.208681
2026-01-21,0.774277,1.291527,158.003582,122.338583
2026-01-22,0.773023,1.293622,158.406788,122.452104
2026-01-23,0.770785,1.297379,158.678147,122.306746
2026-01-24,0.784584,1.274560,155.970225,122.371799
2026-01-25,0.785494,1.273084,155.755587,122.345098
2026-01-26,0.788060,1.268939,154.078868,121.423351
2026-01-27,0.791920,1.262753,154.334080,122.220278
2026-01-28,0.797962,1.253193,153.023370,122.106783
2026-01-29,0.798427,1.252463,153.077458,122.221102
2026-01-30,0.795343,1.257320,153.821838,122.341050
2026-01-31,0.792040,1.262563,154.785440,122.596213
2026-02-01,0.790663,1.264761,154.743322,122.349852
2026-02-02,0.792141,1.262402,154.996224,122.778850
2026-02-03,0.788651,1.267988,155.452045,122.597400
2026-02-04,0.780529,1.281182,156.192269,121.912660
2026-02-05,0.779607,1.282698,156.802798,122.244512
2026-02-06,0.780512,1.281211,156.776458,122.365850
2026-02-07,0.777920,1.285479,157.199377,122.288602
2026-02-08,0.778043,1.285276,157.116153,122.243122
2026-02-09,0.778442,1.284617,156.825846,122.079855
2026-02-10,0.784441,1.274793,155.426752,121.923112
2026-02-11,0.795923,1.256403,153.721936,122.350802
2026-02-12,0.803306,1.244856,152.619046,122.599799
2026-02-13,0.799560,1.250688,153.094209,122.407977
2026-02-14,0.800701,1.248906,152.732123,122.292760
2026-02-15,0.800998,1.248443,152.718198,122.326926
2026-02-16,0.798569,1.252240,153.082554,122.246964
2026-02-17,0.799304,1.251088,153.185641,122.441943
2026-02-18,0.794937,1.257961,153.583187,122.088977
2026-02-19,0.791011,1.264206,154.882331,122.513558
2026-02-20,0.788255,1.268625,155.203355,122.339775
2026-02-21,0.789030,1.267379,155.068968,122.354084
2026-02-22,0.789335,1.266889,155.010059,122.354855
2026-02-23,0.789183,1.267133,154.254628,121.735156
2026-02-24,0.787874,1.269239,154.984784,122.108446
2026-02-25,0.785507,1.273063,155.573408,122.204055
2026-02-26,0.781121,1.280211,155.922324,121.794194
2026-02-27,0.784887,1.274069,155.813935,122.296330
2026-02-28,0.783991,1.275526,156.052625,122.343789
2026-03-01,0.783880,1.275706,156.051799,122.325839
2026-03-02,0.782037,1.278713,156.343682,122.266473
2026-03-03,0.778972,1.283742,157.226996,122.475501
2026-03-04,0.776514,1.287806,157.540184,122.332210
2026-03-05,0.779293,1.283215,156.877317,122.253332
2026-03-06,0.776394,1.288005,157.492082,122.275972
2026-03-07,0.775306,1.289814,157.751197,122.305396
2026-03-08,0.775926,1.288782,157.785349,122.429808
2026-03-09,0.768343,1.301502,158.653810,121.900570
2026-03-10,0.774492,1.291169,157.639706,122.090697
2026-03-11,0.773453,1.292903,158.388779,122.506329
2026-03-12,0.771191,1.296696,159.082986,122.683370
2026-03-13,0.771393,1.296356,159.319077,122.897630
2026-03-14,0.768752,1.300809,159.731408,122.793871
2026-03-15,0.769403,1.299709,159.650729,122.835755
2026-03-16,0.769477,1.299584,159.592172,122.802461
2026-03-17,0.769446,1.299636,159.341709,122.604868
2026-03-18,0.770889,1.297204,158.940088,122.525158
2026-03-19,0.772556,1.294405,159.588447,123.291016
2026-03-20,0.772871,1.293876,158.287811,122.336133
2026-03-21,0.770424,1.297986,159.242169,122.684057
2026-03-22,0.771373,1.296390,159.240808,122.834044
2026-03-23,0.769710,1.299191,159.565233,122.818885
2026-03-24,0.772351,1.294747,158.599987,122.494925
2026-03-25,0.771556,1.296083,158.813387,122.533352
2026-03-26,0.771261,1.296577,159.491045,123.009300
2026-03-27,0.768451,1.301319,159.511574,122.576884
2026-03-28,0.765524,1.306295,160.298986,122.712675
2026-03-29,0.766036,1.305422,160.262098,122.766476
2026-03-30,0.768166,1.301802,159.772026,122.731448
2026-03-31,0.771237,1.296618,159.629354,123.112128
2026-04-01,0.773347,1.293080,158.614569,122.664170
2026-04-02,0.771567,1.296064,159.420603,123.003606
2026-04-03,0.767482,1.302961,159.651432,122.529680
2026-04-04,0.770013,1.298680,159.671787,122.949280
2026-04-05,0.769735,1.299148,159.651086,122.889075
2026-04-06,0.767605,1.302753,159.574953,122.490567
2026-04-07,0.766998,1.303784,159.882870,122.629904
2026-04-08,0.774332,1.291436,158.521339,122.748157
2026-04-09,0.773249,1.293244,158.830230,122.815343
2026-04-10,0.770918,1.297154,159.153534,122.694373
2026-04-11,0.771165,1.296739,159.255006,122.811933
2026-04-12,0.770188,1.298385,159.275006,122.671642
2026-04-13,0.767996,1.302090,159.729439,122.671621
2026-04-14,0.771987,1.295359,159.143024,122.856268
2026-04-15,0.773593,1.292669,159.046970,123.037624
2026-04-16,0.773537,1.292763,158.575505,122.664005
2026-04-17,0.771311,1.296493,159.391563,122.940505
2026-04-18,0.774917,1.290461,158.645031,122.936707
2026-04-19,0.776371,1.288045,158.630377,123.155966
2026-04-20,0.776218,1.288299,158.921507,123.357655
2026-04-21,0.771240,1.296613,158.939681,122.580642
2026-04-22,0.771033,1.296961,159.344441,122.859844
2026-04-23,0.771841,1.295604,159.516035,123.120957
2026-04-24,0.767824,1.302382,159.815955,122.710491
2026-04-25,0.769762,1.299103,159.364994,122.673147
2026-04-26,0.768624,1.301026,159.374993,122.499431
2026-04-27,0.768998,1.300393,159.297547,122.499502
2026-04-28,0.775029,1.290274,159.118518,123.321527
2026-04-29,0.770267,1.298252,159.619492,122.949590
2026-04-30,0.765224,1.306808,160.392463,122.736098
2026-05-01,0.780312,1.281539,157.276986,122.725133
2026-05-02,0.781325,1.279876,157.072980,122.725111
2026-05-03,0.781325,1.279876,157.072980,122.725111
2026-05-04,0.780518,1.281200,157.235508,122.725163
2026-05-05,0.780639,1.281001,157.229436,122.739500
2026-05-06,0.775668,1.289211,157.854541,122.442742
2026-05-07,0.786562,1.271356,156.330444,122.963574
2026-05-08,0.784589,1.274552,156.895086,123.098220
2026-05-09,0.783146,1.276901,156.662086,122.689254
2026-05-10,0.781072,1.280292,156.678550,122.377213
2026-05-11,0.778686,1.284214,157.158538,122.377205
2026-05-12,0.779911,1.282197,157.604400,122.917430
2026-05-13,0.779581,1.282740,157.664357,122.912178
2026-05-14,0.777012,1.286981,157.963333,122.739406
2026-05-15,0.774612,1.290969,158.500527,122.776392
2026-05-16,0.773275,1.293200,158.763876,122.768207
2026-05-17,0.773269,1.293211,158.764999,122.768054
2026-05-18,0.773847,1.292246,158.928558,122.986328
2026-05-19,0.773175,1.293368,158.933948,122.883770
2026-05-20,0.772965,1.293720,158.843238,122.780274
2026-05-21,0.773227,1.293281,158.968392,122.918689
2026-05-22,0.772694,1.294173,159.020413,122.874192
2026-05-23,0.772106,1.295158,159.209826,122.926929
2026-05-24,0.771063,1.296911,159.209919,122.760902
2026-05-25,0.771578,1.296044,158.914708,122.615171
2026-05-26,0.772202,1.294999,158.944420,122.737120
2026-05-27,0.771251,1.296595,159.213529,122.793535
2026-05-28,0.769841,1.298970,159.579735,122.851004
2026-05-29,0.768477,1.301274,159.358072,122.463092
2026-05-30,0.771502,1.296173,159.285066,122.888700
2026-05-31,0.770930,1.297135,159.285001,122.797548
2026-06-01,0.769669,1.299260,159.470354,122.739329
2026-06-02,0.769192,1.300065,159.718029,122.853854
2026-06-03,0.767768,1.302477,159.883627,122.753557
2026-06-04,0.768037,1.302020,159.819975,122.747675
2026-06-05,0.768083,1.301943,159.958044,122.860987
2026-06-06,0.766609,1.304447,160.330022,122.910384
2026-06-07,0.766607,1.304450,160.330000,122.910077
2026-06-08,0.766133,1.305257,160.331971,122.835537
2026-06-09,0.765573,1.306211,160.257212,122.688580
2026-06-10,0.766047,1.305403,160.361196,122.844189
2026-06-11,0.764895,1.307369,160.510803,122.773906
2026-06-12,0.765773,1.305870,160.254877,122.718830
2026-06-13,0.766971,1.303831,160.221578,122.885236
2026-06-14,0.766537,1.304568,160.221507,122.815713
2026-06-15,0.767597,1.302768,160.047087,122.851591
2026-06-16,0.766496,1.304638,160.270463,122.846648
2026-06-17,0.766184,1.305170,160.270134,122.796390
2026-06-18,0.764500,1.308044,160.608547,122.785258
2026-06-19,0.761177,1.313755,161.375420,122.835257
2026-06-20,0.762076,1.312206,161.289038,122.914436
2026-06-21,0.761594,1.313036,161.292901,122.839685
2026-06-22,0.759464,1.316717,161.676652,122.787667
2026-06-23,0.760746,1.314498,161.558606,122.905136
2026-06-24,0.761311,1.313523,161.563285,122.999959
2026-06-25,0.759560,1.316552,161.738354,122.849985
2026-06-26,0.759899,1.315965,161.618799,122.813900
2026-06-27,0.760813,1.314383,161.751618,123.062751
2026-06-28,0.760751,1.314490,161.751001,123.052282
2026-06-29,0.760538,1.314859,161.808276,123.061325
2026-06-30,0.759192,1.317189,162.179466,123.125399
2026-07-01,0.756407,1.322039,162.788887,123.134666
2026-07-02,0.758306,1.318728,162.523496,123.242586
2026-07-03,0.763584,1.309614,161.187587,123.080256
2026-07-04,0.764421,1.308180,161.382494,123.364103
2026-07-05,0.762367,1.311703,161.357122,123.013418
2026-07-06,0.761654,1.312932,161.849743,123.273495
2026-07-07,0.760444,1.315020,161.873126,123.095527
2026-07-08,0.760562,1.314817,162.296579,123.436613
2026-07-09,0.757648,1.319874,162.450730,123.080529
2026-07-10,0.762432,1.311592,161.466454,123.107247
2026-07-11,0.762210,1.311975,161.736299,123.276948
2026-07-12,0.761987,1.312359,161.730093,123.236202
2026-07-13,0.762437,1.311583,162.086748,123.580995
2026-07-14,0.760919,1.314200,162.321902,123.513854
2026-07-15,0.758258,1.318813,162.078473,122.897279
2026-07-16,0.758023,1.319221,162.119969,122.890646
2026-07-17,0.759856,1.316038,162.372753,123.379962
2026-07-18,0.758868,1.317753,162.408367,123.246444
2026-07-19,0.758484,1.318419,162.409007,123.184652
2026-07-20,0.758493,1.318404,162.370812,123.157132
2026-07-21,0.759887,1.315985,162.509227,123.488627
2026-07-22,0.756542,1.321804,163.142968,123.424432
2026-07-23,0.756329,1.322175,163.066733,123.332157
2026-07-24,0.754053,1.326167,163.827405,123.534540
2026-07-25,0.753931,1.326382,163.853876,123.534443
2026-07-26,0.753369,1.327370,163.854000,123.442567
2026-07-27,0.753504,1.327133,163.603285,123.275771
2026-07-28,0.755195,1.324162,163.702543,123.627321
2026-07-29,0.752954,1.328103,163.699726,123.258321
2026-07-30,0.753067,1.327903,163.474346,123.107149
2026-07-31,0.765886,1.305677,160.839982,123.185111
2026-08-01,0.782480,1.277988,157.654106,123.361142
2026-08-02,0.782066,1.278664,157.655488,123.297003
2026-08-03,0.786961,1.270711,156.543908,123.193985
2026-08-04,0.783975,1.275550,157.663149,123.604042
2026-08-05,0.785458,1.273143,157.419023,123.645985
2026-08-06,0.783875,1.275714,157.723615,123.635544
2026-08-07,0.782720,1.277596,158.362037,123.953115
2026-08-08,0.783703,1.275994,157.823527,123.686775
2026-08-09,0.785155,1.273634,157.823449,123.915854
2026-08-10,0.779963,1.282112,158.279116,123.451880
2026-08-11,0.776700,1.287498,159.185897,123.639740
2026-08-12,0.774042,1.291920,159.423107,123.400130
2026-08-13,0.772708,1.294150,159.424080,123.188280
2026-08-14,0.769793,1.299051,159.428527,122.726959
2026-08-15,0.770232,1.298310,159.320495,122.713754
2026-08-16,0.773501,1.292823,159.320469,123.234538
2026-08-17,0.770602,1.297686,159.095949,122.599711
2026-08-18,0.769492,1.299558,159.534338,122.760427
2026-08-19,0.769492,1.299558,159.534338,122.760427
2026-08-20,0.768377,1.301445,158.356070,121.677138
2026-08-21,0.769520,1.299511,158.956389,122.320161
2026-08-22,0.768448,1.301325,158.986513,122.172821
2026-08-23,0.771101,1.296847,158.986494,122.594656
2026-08-24,0.770242,1.298294,158.919127,122.406137
2026-08-25,0.771128,1.296802,159.198865,122.762678
2026-08-26,0.772522,1.294462,159.099637,122.907934
2026-08-27,0.772250,1.294917,159.336887,123.047927
2026-08-28,0.772250,1.294917,159.336887,123.047927
